,entropy,position
0,2.3467798105889695,1
1,4.066593667389696,2
2,4.138903852530265,3
3,4.17298879291756,4
4,4.153106425736677,5
5,4.16521117264807,6
6,4.18279964815937,7
7,4.129174356282399,8
8,4.159500739598559,9
9,4.146498838707144,10
10,4.125354535580768,11
11,4.169128789912792,12
12,4.132149784503703,13
13,4.169714338008618,14
14,4.155312962614719,15
15,4.147806611929148,16
16,4.1493510220411025,17
17,4.176046255804971,18
18,4.142451341430816,19
19,4.176243196622509,20
20,4.156497098004608,21
21,4.150518932387603,22
22,4.157403693557207,23
23,4.173359319589059,24
24,4.160360777436746,25
25,4.184520021524664,26
26,4.1756531088807325,27
27,4.2086804682086765,28
28,4.173150010515963,29
29,4.171379508996094,30
30,4.163870612075875,31
31,4.188626123660899,32
32,4.175369313415667,33
33,4.171818256321484,34
34,4.179476455650622,35
35,4.195140266144965,36
36,4.174118936698514,37
37,4.157192494124965,38
38,4.169898213316799,39
39,4.16424332398117,40
40,4.154032186374288,41
41,4.175414653176357,42
42,4.178903480757184,43
43,4.178939308703631,44
44,4.1749058945792195,45
45,4.17493554246703,46
46,4.203759709187141,47
47,4.194072836987639,48
48,4.17214954769548,49
49,4.189939530168599,50
50,4.195686826512279,51
51,4.215650640101775,52
52,4.149818348471999,53
53,4.184097065861696,54
54,4.178272798867058,55
55,4.196013089682138,56
56,4.198264696106928,57
57,4.1734279955895,58
58,4.1788882559696106,59
59,4.183733259656079,60
60,4.208601196131093,61
61,4.173895730015034,62
62,4.206474515981195,63
63,4.148799126601504,64
64,4.176021198470247,65
65,4.1927711101011385,66
66,4.19884427290586,67
67,4.14786275922844,68
68,4.2106738435801665,69
69,4.1904650513792046,70
70,4.2067751868612735,71
71,4.1872481353324575,72
72,4.178669976649417,73
73,4.179763056618388,74
74,4.1736816383379045,75
75,4.202315403687281,76
76,4.192359571123256,77
77,4.195238903298077,78
78,4.194251613773952,79
79,4.202788641456929,80
80,4.17595927945359,81
81,4.16917051345864,82
82,4.1887086148936605,83
83,4.187872427819553,84
84,4.17021492623374,85
85,4.191449818675558,86
86,4.193413137220053,87
87,4.179828839399118,88
88,4.177249717300894,89
89,4.197948697687251,90
90,4.178131611188464,91
91,4.181067066851999,92
92,4.181969691515584,93
93,4.177862866051314,94
94,4.207409914072937,95
95,4.1586197849731725,96
96,4.133391028805859,97
97,4.153771380714566,98
98,4.166673351614293,99
99,4.1706712493222104,100
