,entropy,position
0,0.08716864378847315,1
1,3.763110345374766,2
2,4.055046242848031,3
3,4.073796433716594,4
4,4.098437934321881,5
5,4.086872022243947,6
6,4.074768225212986,7
7,4.078713621150124,8
8,4.067277785506189,9
9,4.055703554464897,10
10,4.045063699969577,11
11,4.056274699877364,12
12,4.05567686295738,13
13,4.046116165084813,14
14,4.065498493369358,15
15,4.0775933113919045,16
16,4.095669080413269,17
17,4.095936473838547,18
18,4.092222475537326,19
19,4.104076136665699,20
20,4.103590492909331,21
21,4.114203572944951,22
22,4.104211003541578,23
23,4.130272640320719,24
24,4.125377371365664,25
25,4.118978581743351,26
26,4.122310955244451,27
27,4.141987934957765,28
28,4.141829701280295,29
29,4.1293487934094975,30
30,4.139815610356762,31
31,4.143209815648502,32
32,4.163544384891887,33
33,4.155692940082914,34
34,4.162856464859396,35
35,4.148941476386387,36
36,4.147301953850175,37
37,4.145964408788679,38
38,4.153893486415066,39
39,4.158098113388591,40
40,4.157322370146291,41
41,4.162789537611601,42
42,4.158801242925824,43
43,4.150861114057084,44
44,4.15111623318275,45
45,4.161741679492556,46
46,4.162209529460767,47
47,4.163079550563855,48
48,4.175858144248116,49
49,4.17025680747079,50
50,4.173370301953049,51
51,4.180017144964955,52
52,4.179304127963626,53
53,4.1806789921801855,54
54,4.178414913277096,55
55,4.180161520938027,56
56,4.177497129038137,57
57,4.169742037881004,58
58,4.191689648761721,59
59,4.190884909924527,60
60,4.188873503877901,61
61,4.168554309534681,62
62,4.1728598604386455,63
63,4.173613739056906,64
64,4.17403149880704,65
65,4.176780000521753,66
66,4.183777730477999,67
67,4.177458340410618,68
68,4.174266338623361,69
69,4.174270544431105,70
70,4.178970524310703,71
71,4.1808375706438135,72
72,4.180204556477376,73
73,4.188369522058127,74
74,4.177911009684917,75
75,4.18171360709894,76
76,4.177467238676212,77
77,4.181479991118529,78
78,4.171254266598144,79
79,4.1852607481358515,80
80,4.176582870157903,81
81,4.178931797891744,82
82,4.189128560388038,83
83,4.175270326505917,84
84,4.185997019571517,85
85,4.178869314032225,86
86,4.180816655812858,87
87,4.181614023872142,88
88,4.191169530317736,89
89,4.187412946819209,90
90,4.189521876168191,91
91,4.18134723768771,92
92,4.177779852501906,93
93,4.17937756471427,94
94,4.179443079871743,95
95,4.178230060944763,96
96,4.185762493875106,97
97,4.170993556965503,98
98,4.187042785899569,99
99,4.184528067912173,100
