{"original_sample": {"pc": {"independent": 9.672026228557107e-12, "ncov": 2.4384494153768918e-11, "nskew": 1.0484651354999022e-09, "nskewfcov": 1.2830466937836457e-09}, "S": {"independent": 26.045101448776627, "ncov": 25.923757281263978, "nskew": 25.876338669015034, "nskewfcov": 25.826477577381635}, "N": {"independent": 5418767, "ncov": 5418757, "nskew": 5418757, "nskewfcov": 5418757}, "energies": {"independent": 