{"uniform": {"mean": 2.0800002080000205e-12, "mean_mhc": 3.083342460309298e-11, "ste_mhc": 5.304054964931805e-13}, "independent": {"mean": 9.840000984000096e-12, "mean_mhc": 1.863867251837038e-10, "ste_mhc": 1.6213984844298732e-12}, "ncov": {"mean": 3.000000300000029e-11, "mean_mhc": 3.277678938173467e-10, "ste_mhc": 2.9133785512683807e-12}, "nskew": {"mean": 8.122200812220079e-10, "mean_mhc": 9.825916572520543e-10, "ste_mhc": 2.308158467802989e-11}, "nskewfcov": {"mean": 1.082480108248011e-09, "mean_mhc": 1.0315084499580636e-09, "ste_mhc": 2.4178014941098545e-11}}