{"uniform": {"mean": 0.9999999999999948, "ste": 1.9531250000000005e-12, "mean_mhc": 0.06318675663666559, "ste_mhc": 1.9671068004759195e-12}, "independent": {"mean": 0.3997470376926724, "ste": 1.9531250000000005e-12, "mean_mhc": 0.021807120343941295, "ste_mhc": 1.965936216670866e-12}, "ncov": {"mean": 0.3541739787205579, "ste": 1.953125000000001e-12, "mean_mhc": 0.02124438028962072, "ste_mhc": 1.9671081627115186e-12}, "nskew": {"mean": 0.338286148903161, "ste": 1.9531250000000005e-12, "mean_mhc": 0.020877291228691388, "ste_mhc": 1.9677089130025232e-12}, "nskewfcov": {"mean": 0.32113258610771145, "ste": 1.9531250000000005e-12, "mean_mhc": 0.01961117930235638, "ste_mhc": 1.9677664787390218e-12}}