{"Human Peptidome": {"bins": [-14.0, -13.333333333333334, -12.666666666666666, -12.0, -11.333333333333334, -10.666666666666668, -10.0, -9.333333333333334, -8.666666666666668, -8.0], "pdf": [0.000586778727107504, 0.012227153180788814, 0.10598385444964252, 0.3296449229023526, 0.3547695725131381, 0.15020843049672328, 0.03611583639047422, 0.00823826947394739, 0.0022251818658255724]}, "Malaria Peptidome": {"bins": [-14.0, -13.333333333333334, -12.666666666666666, -12.0, -11.333333333333334, -10.666666666666668, -10.0, -9.333333333333334, -8.666666666666668, -8.0], "pdf": [0.0006239098965968432, 0.01988926058671678, 0.17976873074888874, 0.43670962991932744, 0.2831755622604069, 0.0652296878219455, 0.01104218150607177, 0.0027575925004823033, 0.0008034447595637093]}, "Malaria Epitopes": {"bins": [-14.0, -13.333333333333334, -12.666666666666666, -12.0, -11.333333333333334, -10.666666666666668, -10.0, -9.333333333333334, -8.666666666666668, -8.0], "pdf": [0.0, 0.0, 0.15254237288135594, 0.2542372881355932, 0.288135593220339, 0.2542372881355932, 0.05084745762711865, 0.0, 0.0]}, "Malaria Epitopes (-)": {"bins": [-14.0, -13.333333333333334, -12.666666666666666, -12.0, -11.333333333333334, -10.666666666666668, -10.0, -9.333333333333334, -8.666666666666668, -8.0], "pdf": [0.0, 0.0, 0.17857142857142858, 0.32142857142857145, 0.32142857142857145, 0.14285714285714285, 0.03571428571428571, 0.0, 0.0]}}