{"uniform": {"mean": 6.39627812, "ste": 0.04321869513270012}, "independent": {"mean": 4.253814799999999, "ste": 0.021620639120958414}, "ncov": {"mean": 4.34732476, "ste": 0.020894294804291003}, "nskew": {"mean": 4.380502239999999, "ste": 0.02093335751946257}, "nskewfcov": {"mean": 4.398278820000001, "ste": 0.020724408296849496}}