nndist,mean,count
0,0.045454545454545456,22
1,0.2616822429906542,107
2,0.2569186286658406,2421
3,0.19943019943019943,3510
