nndist,mean,count
0,0.6,10
1,0.726890756302521,238
2,0.5916666666666667,1440
3,0.6292048929663608,1308
